{
  "project_info": {
    "project_number": "287940338419",
    "firebase_url": "https://timz-a4873.firebaseio.com",
    "project_id": "timz-a4873",
    "storage_bucket": "timz-a4873.appspot.com"
  },
  "client": [
    {
      "client_info": {
        "mobilesdk_app_id": "1:287940338419:android:4b3b909de22b5a4437cd86",
        "android_client_info": {
          "package_name": "xyzz.shubhamsingh.theinspiringminds"
        }
      },
      "oauth_client": [
        {
          "client_id": "287940338419-4i0hsnjkb1n0o6ahthkmds5toj0obtv2.apps.googleusercontent.com",
          "client_type": 1,
          "android_info": {
            "package_name": "xyzz.shubhamsingh.theinspiringminds",
            "certificate_hash": "e78051e78162f42c610309a6022584a82d99b584"
          }
        },
        {
          "client_id": "287940338419-p3idr649l3te07houmv7vqob5f651va2.apps.googleusercontent.com",
          "client_type": 3
        }
      ],
      "api_key": [
        {
          "current_key": "AIzaSyAw5BX3a-LmvGWuMN49SJriVdJLuj3UmGo"
        }
      ],
      "services": {
        "appinvite_service": {
          "other_platform_oauth_client": [
            {
              "client_id": "287940338419-p3idr649l3te07houmv7vqob5f651va2.apps.googleusercontent.com",
              "client_type": 3
            }
          ]
        }
      }
    }
  ],
  "configuration_version": "1"
}